PID,Member ID,Issue key,Member #,Age,Gender,Race/Ethnicity,Relationship
P0289,P0289-M1,NEIG-19349,1,4.0,Female,African-American,Daughter
P0289,P0289-M2,NEIG-19349,2,0.0,Male,African-American,Son
P0308,P0308-M1,NEIG-19324,1,34.0,Female,black/white,Fiancé
P0308,P0308-M2,NEIG-19324,2,10.0,Male,black/white,Stepson
P0308,P0308-M3,NEIG-19324,3,8.0,Female,black/white,Stepdaughter
P0308,P0308-M4,NEIG-19324,4,2.0,Male,black/white,Son
P0253,P0253-M1,NEIG-19311,1,17.0,,,
P0253,P0253-M2,NEIG-19311,2,3.0,,,Son
P0102,P0102-M1,NEIG-19296,1,6.0,Male,Caucasian,Son
P0102,P0102-M2,NEIG-19296,2,1.0,Male,Caucasian,Son
P0201,P0201-M1,NEIG-19283,1,21.0,Female,black,Daughter
P0201,P0201-M2,NEIG-19283,2,19.0,Female,black,Daughter
P0201,P0201-M3,NEIG-19283,3,1.0,Male,black,Grandson
P0037,P0037-M1,NEIG-19273,1,7.0,Male,African American,Son
P0037,P0037-M2,NEIG-19273,2,5.0,,African American,Daughter
P0339,P0339-M1,NEIG-19264,1,,,,
P0353,P0353-M1,NEIG-19258,1,10.0,Male,white,Son
P0353,P0353-M2,NEIG-19258,2,9.0,Male,white,Son
P0353,P0353-M3,NEIG-19258,3,0.0,Female,white,Daughter
P0353,P0353-M4,NEIG-19258,4,28.0,Female,white,Mom
P0353,P0353-M5,NEIG-19258,5,37.0,Male,white,Dad
P0191,P0191-M1,NEIG-19245,1,6.0,Male,,Son
P0191,P0191-M2,NEIG-19245,2,1.0,Female,,Daughter
P0146,P0146-M1,NEIG-19209,1,7.0,,,
P0146,P0146-M2,NEIG-19209,2,5.0,,,
P0146,P0146-M3,NEIG-19209,3,4.0,,,
P0146,P0146-M4,NEIG-19209,4,2.0,,,
P0146,P0146-M5,NEIG-19209,5,1.0,,,
P0045,P0045-M1,NEIG-19196,1,2.0,,caucasian,Son
P0045,P0045-M2,NEIG-19196,2,2.0,,caucasian,Son
P0045,P0045-M3,NEIG-19196,3,1.0,,caucasian,Daughter
P0309,P0309-M1,NEIG-19179,1,13.0,,,
P0309,P0309-M2,NEIG-19179,2,5.0,,,
P0309,P0309-M3,NEIG-19179,3,2.0,,,
P0298,P0298-M1,NEIG-19158,1,4.0,Female,,Daughter
P0022,P0022-M1,NEIG-19155,1,10.0,Male,Black,Son
P0022,P0022-M2,NEIG-19155,2,7.0,Female,Black,Daughter
P0022,P0022-M3,NEIG-19155,3,5.0,Male,Black,Son
P0022,P0022-M4,NEIG-19155,4,3.0,Male,Black,Son
P0022,P0022-M5,NEIG-19155,5,1.0,Male,Black,Son
P0239,P0239-M1,NEIG-19150,1,1.0,Female,,Daughter
P0125,P0125-M1,NEIG-19135,1,14.0,Female,caucasian,Daughter
P0125,P0125-M2,NEIG-19135,2,4.0,Male,,Son
P0392,P0392-M1,NEIG-19128,1,22.0,Female,,Esposa
P0204,P0204-M1,NEIG-19115,1,21.0,,African American,Head Of Household
P0204,P0204-M2,NEIG-19115,2,3.0,,African American,Son
P0204,P0204-M3,NEIG-19115,3,0.0,,African American,Son
P0298,P0298-M1,NEIG-19088,1,4.0,Female,,Daughter
P0226,P0226-M1,NEIG-19078,1,2.0,Male,caucasian,Son
P0226,P0226-M2,NEIG-19078,2,15.0,Male,caucasian,Son
P0385,P0385-M1,NEIG-19033,1,,,,
P0385,P0385-M2,NEIG-19033,2,,Male,,
P0385,P0385-M3,NEIG-19033,3,6.0,,,
P0385,P0385-M4,NEIG-19033,4,,,,
P0385,P0385-M5,NEIG-19033,5,,Female,,
P0385,P0385-M6,NEIG-19033,6,1.0,,,
P0385,P0385-M7,NEIG-19033,7,,,,
P0385,P0385-M8,NEIG-19033,8,0.0,,,
P0316,P0316-M1,NEIG-19029,1,53.0,Female,white,Wife
P0316,P0316-M2,NEIG-19029,2,19.0,Male,white,Son
P0316,P0316-M3,NEIG-19029,3,6.0,Male,mixed,Grandson
P0149,P0149-M1,NEIG-19025,1,32.0,,,
P0149,P0149-M2,NEIG-19025,2,2.0,,,
P0149,P0149-M3,NEIG-19025,3,15.0,Male,,
P0149,P0149-M4,NEIG-19025,4,14.0,,,
P0149,P0149-M5,NEIG-19025,5,4.0,,,
P0355,P0355-M1,NEIG-19020,1,0.0,Male,,Son
P0164,P0164-M1,NEIG-19006,1,5.0,,,Daughter
P0164,P0164-M2,NEIG-19006,2,3.0,Male,,Son
P0164,P0164-M3,NEIG-19006,3,2.0,,,Daughter
P0164,P0164-M4,NEIG-19006,4,0.0,,,Son
P0215,P0215-M1,NEIG-19001,1,7.0,Female,African American,
P0070,P0070-M1,NEIG-18986,1,27.0,Male,Black,Partner
P0070,P0070-M2,NEIG-18986,2,12.0,Male,Black,Son
P0070,P0070-M3,NEIG-18986,3,10.0,Female,,Daughter
P0070,P0070-M4,NEIG-18986,4,4.0,Female,,Daughter
P0365,P0365-M1,NEIG-18928,1,6.0,Female,black,Daughter
P0365,P0365-M2,NEIG-18928,2,1.0,Male,black,Son
P0365,P0365-M3,NEIG-18928,3,26.0,Female,black,Friend
P0365,P0365-M4,NEIG-18928,4,-1.0,Female,black,Daughter
P0365,P0365-M5,NEIG-18928,5,1.0,Male,black,Godson
P0365,P0365-M6,NEIG-18928,6,2.0,Female,black,Goddaughter
P0365,P0365-M7,NEIG-18928,7,0.0,Male,black,Godson
P0003,P0003-M1,NEIG-18911,1,6.0,,Black African American,Daughter
P0003,P0003-M2,NEIG-18911,2,3.0,,,Son
P0193,P0193-M1,NEIG-18907,1,26.0,Female,African American,Wife
P0193,P0193-M2,NEIG-18907,2,3.0,Female,African American,Daughter
P0154,P0154-M1,NEIG-18888,1,26.0,,African American,Spouse
P0154,P0154-M2,NEIG-18888,2,4.0,,African American,Daughter
P0154,P0154-M3,NEIG-18888,3,6.0,,African American,Son
P0154,P0154-M4,NEIG-18888,4,0.0,,African American,Son
P0104,P0104-M1,NEIG-18886,1,13.0,Male,black,Son
P0104,P0104-M2,NEIG-18886,2,11.0,Male,black,Son
P0104,P0104-M3,NEIG-18886,3,5.0,Male,black,Son
P0075,P0075-M1,NEIG-18871,1,15.0,Male,black,Son
P0075,P0075-M2,NEIG-18871,2,14.0,Male,black,Son
P0075,P0075-M3,NEIG-18871,3,13.0,Male,black,Son
P0075,P0075-M4,NEIG-18871,4,11.0,Female,black,Daughter
P0075,P0075-M5,NEIG-18871,5,9.0,Male,black,Son
P0075,P0075-M6,NEIG-18871,6,5.0,Female,black,Daughter
P0232,P0232-M1,NEIG-18738,1,0.0,Male,,Son
P0181,P0181-M1,NEIG-18690,1,26.0,Female,Caucasian,
P0181,P0181-M2,NEIG-18690,2,5.0,Female,Mixed,
P0181,P0181-M3,NEIG-18690,3,4.0,Male,Mixed,
P0218,P0218-M1,NEIG-18667,1,6.0,Female,white and. Black,Daughter
P0218,P0218-M2,NEIG-18667,2,5.0,Female,white and black,Daughter
P0237,P0237-M1,NEIG-18625,1,-1.0,Female,,Girlfriend
P0237,P0237-M2,NEIG-18625,2,3.0,Female,,Daughter
P0237,P0237-M3,NEIG-18625,3,0.0,Female,,Daughter
P0390,P0390-M1,NEIG-18613,1,33.0,Female,,
P0262,P0262-M1,NEIG-18572,1,1.0,,Caucasian,Son
P0208,P0208-M1,NEIG-18553,1,,,,
P0252,P0252-M1,NEIG-18538,1,,,,
P0252,P0252-M2,NEIG-18538,2,14.0,,,
P0252,P0252-M3,NEIG-18538,3,,,,
P0252,P0252-M4,NEIG-18538,4,13.0,,,
P0252,P0252-M5,NEIG-18538,5,,,,
P0252,P0252-M6,NEIG-18538,6,5.0,,,
P0252,P0252-M7,NEIG-18538,7,,,,
P0252,P0252-M8,NEIG-18538,8,1.0,,,
P0277,P0277-M1,NEIG-18488,1,,Male,,
P0218,P0218-M1,NEIG-18451,1,6.0,Female,Biracial,Daughter
P0218,P0218-M2,NEIG-18451,2,5.0,Female,Biracial,Daughter
P0186,P0186-M1,NEIG-18440,1,9.0,Male,,
P0186,P0186-M2,NEIG-18440,2,7.0,Female,,
P0186,P0186-M3,NEIG-18440,3,4.0,Female,,
P0033,P0033-M1,NEIG-18434,1,28.0,Male,Caucasian,Spouse
P0033,P0033-M2,NEIG-18434,2,8.0,Male,Caucasian,Son
P0033,P0033-M3,NEIG-18434,3,5.0,Male,Caucasian,Son
P0033,P0033-M4,NEIG-18434,4,1.0,Female,Caucasian,Daughter
P0079,P0079-M1,NEIG-18412,1,13.0,,,Son
P0079,P0079-M2,NEIG-18412,2,14.0,,,Son
P0079,P0079-M3,NEIG-18412,3,1.0,,,
P0127,P0127-M1,NEIG-18396,1,,,,
P0354,P0354-M1,NEIG-18389,1,30.0,Male,Asian,Husband
P0354,P0354-M2,NEIG-18389,2,24.0,Female,,
P0354,P0354-M3,NEIG-18389,3,1.0,Male,Asian,Son
P0354,P0354-M4,NEIG-18389,4,57.0,Female,,
P0354,P0354-M5,NEIG-18389,5,66.0,Male,,
P0354,P0354-M6,NEIG-18389,6,3.0,Female,Asian,Daughter
P0202,P0202-M1,NEIG-18356,1,39.0,Male,biracial,
P0202,P0202-M2,NEIG-18356,2,12.0,Female,,
P0202,P0202-M3,NEIG-18356,3,10.0,Male,,
P0202,P0202-M4,NEIG-18356,4,4.0,Male,,
P0035,P0035-M1,NEIG-18345,1,8.0,Female,black,Daughter
P0035,P0035-M2,NEIG-18345,2,3.0,Female,black,Daughter
P0035,P0035-M3,NEIG-18345,3,2.0,Female,black,Daughter
P0035,P0035-M4,NEIG-18345,4,0.0,Female,black,Daughter
P0005,P0005-M1,NEIG-18325,1,21.0,Female,African American,Sister
P0005,P0005-M2,NEIG-18325,2,0.0,Male,African American,Nephew
P0334,P0334-M1,NEIG-18306,1,4.0,Female,,Daughter
P0334,P0334-M2,NEIG-18306,2,10.0,Female,,Daughter
P0063,P0063-M1,NEIG-18299,1,17.0,Male,,Son
P0063,P0063-M2,NEIG-18299,2,10.0,Male,,Son
P0063,P0063-M3,NEIG-18299,3,6.0,Male,,Son
P0063,P0063-M4,NEIG-18299,4,2.0,Male,,Son
P0294,P0294-M1,NEIG-18273,1,17.0,Female,,
P0294,P0294-M2,NEIG-18273,2,15.0,Female,white/Hispanic,Daughter
P0294,P0294-M3,NEIG-18273,3,10.0,Male,,
P0261,P0261-M1,NEIG-18267,1,6.0,Female,,Daughter
P0261,P0261-M2,NEIG-18267,2,5.0,,,Son
P0261,P0261-M3,NEIG-18267,3,4.0,,,Son
P0261,P0261-M4,NEIG-18267,4,2.0,,,Son
P0293,P0293-M1,NEIG-18239,1,,Male,,
P0076,P0076-M1,NEIG-18220,1,,,,
P0376,P0376-M1,NEIG-18215,1,9.0,Female,black&white,Daughter
P0376,P0376-M2,NEIG-18215,2,6.0,Female,black&white,Daughter
P0376,P0376-M3,NEIG-18215,3,2.0,Female,black&white,Daughter
P0376,P0376-M4,NEIG-18215,4,1.0,Male,black&white,Son
P0279,P0279-M1,NEIG-18211,1,5.0,Female,,Daughter
P0025,P0025-M1,NEIG-18187,1,24.0,Female,,
P0025,P0025-M2,NEIG-18187,2,0.0,Male,,
P0072,P0072-M1,NEIG-18156,1,8.0,,hispanic,Son
P0072,P0072-M2,NEIG-18156,2,6.0,,hispanic,Son
P0072,P0072-M3,NEIG-18156,3,0.0,,hispanic,Son
P0072,P0072-M1,NEIG-18142,1,8.0,Male,Hispanic,Son
P0072,P0072-M2,NEIG-18142,2,6.0,Male,Hispanic,Son
P0072,P0072-M3,NEIG-18142,3,0.0,Male,Hispanic,Son
P0158,P0158-M1,NEIG-18116,1,,,,
P0227,P0227-M1,NEIG-18099,1,0.0,Female,,Daughter
P0150,P0150-M1,NEIG-18034,1,15.0,Male,African American,Son
P0150,P0150-M2,NEIG-18034,2,14.0,Female,African American,Daughter
P0150,P0150-M3,NEIG-18034,3,6.0,Male,African American,Son
P0150,P0150-M4,NEIG-18034,4,5.0,Male,African American,Son
P0150,P0150-M5,NEIG-18034,5,4.0,Female,African American,Daughter
P0150,P0150-M6,NEIG-18034,6,4.0,Female,African American,Daughter
P0013,P0013-M1,NEIG-18014,1,1.0,,,Daughter
P0013,P0013-M2,NEIG-18014,2,0.0,,,Son
P0013,P0013-M3,NEIG-18014,3,35.0,,,Spouse
P0328,P0328-M1,NEIG-17963,1,4.0,,,
P0328,P0328-M2,NEIG-17963,2,6.0,,,
P0328,P0328-M3,NEIG-17963,3,1.0,,,
P0380,P0380-M1,NEIG-17953,1,5.0,,,
P0380,P0380-M2,NEIG-17953,2,2.0,,,
P0067,P0067-M1,NEIG-17836,1,12.0,,,
P0387,P0387-M1,NEIG-17803,1,72.0,Male,Caucasian,Husband
P0387,P0387-M2,NEIG-17803,2,35.0,Male,Caucasian,Son
P0387,P0387-M3,NEIG-17803,3,5.0,Female,Caucasian,Granddaughter
P0387,P0387-M4,NEIG-17803,4,13.0,Female,Mixed,Granddaughter
P0086,P0086-M1,NEIG-17785,1,15.0,Male,black,Son
P0086,P0086-M2,NEIG-17785,2,8.0,Male,black,Son
P0086,P0086-M3,NEIG-17785,3,3.0,Male,black,Son
P0244,P0244-M1,NEIG-17769,1,,,,
P0020,P0020-M1,NEIG-17729,1,5.0,Female,Caucasian,Daughter
P0020,P0020-M2,NEIG-17729,2,4.0,Female,Caucasian,Daughter
P0228,P0228-M1,NEIG-17723,1,8.0,Male,black,Son
P0228,P0228-M2,NEIG-17723,2,3.0,Male,black,Son
P0141,P0141-M1,NEIG-17718,1,5.0,,,
P0225,P0225-M1,NEIG-17701,1,1.0,Male,African American & Hispanic,Son
P0329,P0329-M1,NEIG-17679,1,6.0,Male,,Son
P0329,P0329-M2,NEIG-17679,2,4.0,Male,,Son
P0264,P0264-M1,NEIG-17668,1,7.0,Male,black,Son
P0264,P0264-M2,NEIG-17668,2,4.0,Female,black,Daughter
P0140,P0140-M1,NEIG-17638,1,7.0,Male,Caucasian,Son
P0140,P0140-M2,NEIG-17638,2,4.0,Male,Caucasian,Son
P0140,P0140-M3,NEIG-17638,3,2.0,Female,Caucasian,Daughter
P0053,P0053-M1,NEIG-17623,1,3.0,,black,Daughter
P0019,P0019-M1,NEIG-17615,1,35.0,Male,white,Spouse
P0019,P0019-M2,NEIG-17615,2,2.0,Female,white,Daughter
P0019,P0019-M3,NEIG-17615,3,8.0,Female,white,Daughter
P0019,P0019-M4,NEIG-17615,4,13.0,Male,white,Cousin
P0019,P0019-M5,NEIG-17615,5,12.0,Male,white,Son
P0050,P0050-M1,NEIG-17562,1,5.0,,,
P0374,P0374-M1,NEIG-17557,1,4.0,,,
P0374,P0374-M2,NEIG-17557,2,5.0,,,
P0374,P0374-M3,NEIG-17557,3,2.0,,,
P0331,P0331-M1,NEIG-17497,1,2.0,Female,,Daughter
P0059,P0059-M1,NEIG-17483,1,,,,
P0142,P0142-M1,NEIG-17469,1,2.0,Male,African American,Son
P0142,P0142-M2,NEIG-17469,2,0.0,Male,,Son
P0301,P0301-M1,NEIG-17437,1,32.0,,,Fiancé
P0301,P0301-M2,NEIG-17437,2,-35.0,,,
P0338,P0338-M1,NEIG-17422,1,10.0,,black,Daughter
P0338,P0338-M2,NEIG-17422,2,11.0,,black,Son
P0338,P0338-M3,NEIG-17422,3,8.0,,black,Daughter
P0338,P0338-M4,NEIG-17422,4,4.0,,black,Daughter
P0176,P0176-M1,NEIG-17400,1,7.0,Female,black African American,Daughter
P0176,P0176-M2,NEIG-17400,2,1.0,Male,black African American,Son
P0069,P0069-M1,NEIG-17399,1,10.0,Male,,
P0069,P0069-M2,NEIG-17399,2,7.0,Male,,Son
P0069,P0069-M3,NEIG-17399,3,4.0,Male,,Son
P0069,P0069-M4,NEIG-17399,4,2.0,Female,,Daughter
P0189,P0189-M1,NEIG-17385,1,5.0,,,
P0189,P0189-M2,NEIG-17385,2,,Male,,
P0189,P0189-M3,NEIG-17385,3,9.0,Male,,
P0351,P0351-M1,NEIG-17374,1,15.0,,,
P0389,P0389-M1,NEIG-17351,1,3.0,Male,,Son
P0368,P0368-M1,NEIG-17333,1,9.0,,,
P0345,P0345-M1,NEIG-17311,1,5.0,,,
P0323,P0323-M1,NEIG-17242,1,42.0,Male,white,Partner
P0323,P0323-M2,NEIG-17242,2,3.0,Male,white,Son
P0323,P0323-M3,NEIG-17242,3,11.0,Male,white,Son
P0116,P0116-M1,NEIG-17228,1,38.0,Female,,
P0116,P0116-M2,NEIG-17228,2,15.0,Female,,
P0116,P0116-M3,NEIG-17228,3,9.0,Male,,
P0116,P0116-M4,NEIG-17228,4,7.0,Male,,
P0116,P0116-M5,NEIG-17228,5,5.0,,,
P0287,P0287-M1,NEIG-17217,1,27.0,,,
P0287,P0287-M2,NEIG-17217,2,23.0,,,
P0287,P0287-M3,NEIG-17217,3,7.0,,,
P0287,P0287-M4,NEIG-17217,4,4.0,,,
P0287,P0287-M5,NEIG-17217,5,1.0,,,
P0028,P0028-M1,NEIG-17209,1,3.0,Female,,Daughter
P0054,P0054-M1,NEIG-17167,1,0.0,Male,,Son
P0085,P0085-M1,NEIG-17154,1,15.0,Male,black,Son
P0085,P0085-M2,NEIG-17154,2,8.0,Male,black,Son
P0085,P0085-M3,NEIG-17154,3,3.0,Male,black,Son
P0147,P0147-M1,NEIG-17143,1,,,Hispanic,Daughter
P0147,P0147-M2,NEIG-17143,2,,,,Daughter
P0371,P0371-M1,NEIG-17123,1,3.0,Female,black,Daughter
P0313,P0313-M1,NEIG-17114,1,8.0,Female,African American,Daughter
P0313,P0313-M2,NEIG-17114,2,4.0,Male,African American,Son
P0258,P0258-M1,NEIG-17106,1,4.0,Female,African American,Daughter
P0258,P0258-M2,NEIG-17106,2,2.0,Male,African American,Son
P0242,P0242-M1,NEIG-17092,1,42.0,,,
P0242,P0242-M2,NEIG-17092,2,7.0,,Hispanic,
P0242,P0242-M3,NEIG-17092,3,5.0,,Hispanic,Daughter
P0096,P0096-M1,NEIG-17025,1,10.0,Male,,Son
P0096,P0096-M2,NEIG-17025,2,3.0,Female,,Daughter
P0096,P0096-M3,NEIG-17025,3,,,,
P0015,P0015-M1,NEIG-17021,1,,,,
P0195,P0195-M1,NEIG-17018,1,,,,
P0195,P0195-M2,NEIG-17018,2,,,,
P0195,P0195-M3,NEIG-17018,3,,,,
P0195,P0195-M4,NEIG-17018,4,,,,
P0009,P0009-M1,NEIG-17011,1,26.0,Male,black and white,Boyfriend
P0009,P0009-M2,NEIG-17011,2,4.0,Female,white,Daughter
P0009,P0009-M3,NEIG-17011,3,0.0,,,
P0101,P0101-M1,NEIG-16993,1,4.0,Male,,Son
P0136,P0136-M1,NEIG-16958,1,,,,
P0136,P0136-M2,NEIG-16958,2,,Female,,
P0136,P0136-M3,NEIG-16958,3,,,,
P0136,P0136-M4,NEIG-16958,4,,,,
P0136,P0136-M5,NEIG-16958,5,,,,Daughter
P0388,P0388-M1,NEIG-16948,1,32.0,Male,,Husband
P0388,P0388-M2,NEIG-16948,2,2.0,Female,,Daughter
P0388,P0388-M3,NEIG-16948,3,7.0,Male,,Son
P0310,P0310-M1,NEIG-16936,1,2.0,,,
P0121,P0121-M1,NEIG-16923,1,13.0,Male,,
P0378,P0378-M1,NEIG-16919,1,24.0,,,
P0378,P0378-M2,NEIG-16919,2,,,,
P0378,P0378-M3,NEIG-16919,3,2.0,,,
P0303,P0303-M1,NEIG-16909,1,11.0,,,Son
P0303,P0303-M2,NEIG-16909,2,8.0,,,Son
P0303,P0303-M3,NEIG-16909,3,3.0,,,Son
P0172,P0172-M1,NEIG-16897,1,7.0,,,
P0008,P0008-M1,NEIG-16886,1,7.0,Male,,
P0008,P0008-M2,NEIG-16886,2,1.0,Female,,
P0170,P0170-M1,NEIG-16877,1,33.0,,,Husband
P0170,P0170-M2,NEIG-16877,2,16.0,,,Son
P0170,P0170-M3,NEIG-16877,3,11.0,,,Son
P0170,P0170-M4,NEIG-16877,4,8.0,,,Daughter
P0170,P0170-M5,NEIG-16877,5,6.0,,,Daughter
P0170,P0170-M6,NEIG-16877,6,5.0,,,Daughter
P0170,P0170-M7,NEIG-16877,7,3.0,,,
P0170,P0170-M8,NEIG-16877,8,1.0,,,Daughter
P0026,P0026-M1,NEIG-16874,1,1.0,Female,black,Daughter
P0273,P0273-M1,NEIG-16806,1,26.0,,,
P0080,P0080-M1,NEIG-16785,1,22.0,Female,African American,Daughter
P0080,P0080-M2,NEIG-16785,2,17.0,Male,African American,Son
P0080,P0080-M3,NEIG-16785,3,2.0,Female,African American,Granddaughter
P0078,P0078-M1,NEIG-16772,1,10.0,Male,Caucasian,Son
P0078,P0078-M2,NEIG-16772,2,16.0,Male,Caucasian,Son
P0078,P0078-M3,NEIG-16772,3,1.0,Male,Caucasian,Son
P0366,P0366-M1,NEIG-16759,1,2.0,,,
P0250,P0250-M1,NEIG-16752,1,11.0,Male,white,Son
P0250,P0250-M2,NEIG-16752,2,5.0,Female,mixed,Daughter
P0025,P0025-M1,NEIG-16742,1,24.0,Female,Caucasian,Friend
P0318,P0318-M1,NEIG-16738,1,16.0,Female,african american,Daughter
P0318,P0318-M2,NEIG-16738,2,10.0,Male,african american,Son
P0318,P0318-M3,NEIG-16738,3,3.0,Male,african american,Son
P0252,P0252-M1,NEIG-16733,1,14.0,,,
P0252,P0252-M2,NEIG-16733,2,13.0,,,
P0252,P0252-M3,NEIG-16733,3,12.0,,,
P0252,P0252-M4,NEIG-16733,4,1.0,,,
P0252,P0252-M5,NEIG-16733,5,38.0,,,
P0307,P0307-M1,NEIG-16681,1,34.0,Female,black/white,Fiance
P0307,P0307-M2,NEIG-16681,2,10.0,Male,black/white,Stepson
P0307,P0307-M3,NEIG-16681,3,8.0,,,Stepdaughter
P0307,P0307-M4,NEIG-16681,4,2.0,,black/white,Son
P0048,P0048-M1,NEIG-16669,1,23.0,Female,,
P0048,P0048-M2,NEIG-16669,2,22.0,Male,,Son
P0048,P0048-M3,NEIG-16669,3,21.0,Male,,Son
P0278,P0278-M1,NEIG-16648,1,23.0,Female,white,Daughter
P0278,P0278-M2,NEIG-16648,2,,Male,,Grandson
P0278,P0278-M3,NEIG-16648,3,,,,
P0044,P0044-M1,NEIG-16636,1,18.0,Male,black,Son
P0044,P0044-M2,NEIG-16636,2,16.0,Male,black,Son
P0044,P0044-M3,NEIG-16636,3,14.0,Male,black,Son
P0044,P0044-M4,NEIG-16636,4,9.0,Male,black,Son
P0044,P0044-M5,NEIG-16636,5,2.0,Male,black,Son
P0306,P0306-M1,NEIG-16615,1,5.0,Female,Caucasian,Daughter
P0306,P0306-M2,NEIG-16615,2,3.0,Male,Caucasian,Son
P0233,P0233-M1,NEIG-16598,1,1.0,Female,BLACK/WHITE,Daughter
P0145,P0145-M1,NEIG-16567,1,18.0,Male,black,Son
P0145,P0145-M2,NEIG-16567,2,11.0,Female,black,Daughter
P0145,P0145-M3,NEIG-16567,3,7.0,Female,black,Daughter
P0145,P0145-M4,NEIG-16567,4,4.0,Male,black,Son
P0169,P0169-M1,NEIG-16509,1,3.0,Female,black,Daughter
P0169,P0169-M2,NEIG-16509,2,7.0,Male,black,Son
P0348,P0348-M1,NEIG-16501,1,14.0,,,
P0188,P0188-M1,NEIG-16466,1,5.0,,,
P0188,P0188-M2,NEIG-16466,2,2.0,,,
P0188,P0188-M3,NEIG-16466,3,0.0,,,
P0062,P0062-M1,NEIG-16451,1,,,,
P0197,P0197-M1,NEIG-16394,1,24.0,Female,,
P0197,P0197-M2,NEIG-16394,2,4.0,Male,African American,Son
P0341,P0341-M1,NEIG-16378,1,8.0,,,Daughter
P0341,P0341-M2,NEIG-16378,2,10.0,,,Son
P0341,P0341-M3,NEIG-16378,3,2.0,,,Daughter
P0004,P0004-M1,NEIG-16367,1,33.0,Male,Pacific Islander,Spouse
P0004,P0004-M2,NEIG-16367,2,9.0,Female,,Daughter
P0004,P0004-M3,NEIG-16367,3,10.0,Male,,Son
P0004,P0004-M4,NEIG-16367,4,3.0,Male,,Son
P0004,P0004-M5,NEIG-16367,5,0.0,Female,,Daughter
P0395,P0395-M1,NEIG-16359,1,2.0,Male,black,Son
P0089,P0089-M1,NEIG-16356,1,33.0,Female,,
P0089,P0089-M2,NEIG-16356,2,8.0,Male,,
P0089,P0089-M3,NEIG-16356,3,1.0,,,
P0286,P0286-M1,NEIG-16342,1,6.0,,,
P0286,P0286-M2,NEIG-16342,2,5.0,,,
P0360,P0360-M1,NEIG-16335,1,4.0,,,
P0091,P0091-M1,NEIG-16331,1,15.0,Male,white,
P0091,P0091-M2,NEIG-16331,2,11.0,Female,white,
P0091,P0091-M3,NEIG-16331,3,8.0,Female,white,
P0152,P0152-M1,NEIG-16319,1,,Male,,
P0187,P0187-M1,NEIG-16305,1,1.0,,,
P0217,P0217-M1,NEIG-16301,1,23.0,Female,,
P0217,P0217-M2,NEIG-16301,2,3.0,Male,,
P0217,P0217-M3,NEIG-16301,3,2.0,Male,,
P0113,P0113-M1,NEIG-16293,1,14.0,,,
P0113,P0113-M2,NEIG-16293,2,13.0,,,
P0113,P0113-M3,NEIG-16293,3,11.0,,,
P0113,P0113-M4,NEIG-16293,4,7.0,,,
P0113,P0113-M5,NEIG-16293,5,3.0,,,
P0049,P0049-M1,NEIG-16248,1,2.0,Male,,
P0160,P0160-M1,NEIG-16234,1,10.0,Male,black,Son
P0160,P0160-M2,NEIG-16234,2,7.0,Male,black,Son
P0160,P0160-M3,NEIG-16234,3,1.0,Female,,Daughter
P0358,P0358-M1,NEIG-16230,1,11.0,Male,,Son
P0358,P0358-M2,NEIG-16230,2,4.0,Female,,Daughter
P0157,P0157-M1,NEIG-16215,1,27.0,Male,white,Boyfriend
P0157,P0157-M2,NEIG-16215,2,1.0,Male,white,Son
P0157,P0157-M3,NEIG-16215,3,0.0,Female,white,Daughter
P0036,P0036-M1,NEIG-16180,1,8.0,Male,black/white,Son
P0036,P0036-M2,NEIG-16180,2,3.0,Male,black/white,Son
P0276,P0276-M1,NEIG-16174,1,10.0,Male,,Son
P0276,P0276-M2,NEIG-16174,2,6.0,Male,,
P0276,P0276-M3,NEIG-16174,3,3.0,Male,,Son
P0336,P0336-M1,NEIG-16171,1,9.0,,,
P0336,P0336-M2,NEIG-16171,2,7.0,,,
P0336,P0336-M3,NEIG-16171,3,6.0,,,
P0336,P0336-M4,NEIG-16171,4,6.0,,,
P0336,P0336-M5,NEIG-16171,5,4.0,,,
P0336,P0336-M6,NEIG-16171,6,2.0,,,
P0336,P0336-M7,NEIG-16171,7,1.0,,,
P0159,P0159-M1,NEIG-16164,1,4.0,Male,,
P0006,P0006-M1,NEIG-16162,1,2.0,Male,black,Son
P0006,P0006-M2,NEIG-16162,2,1.0,Female,black,Daughter
P0006,P0006-M3,NEIG-16162,3,0.0,Male,black,Son
P0290,P0290-M1,NEIG-16134,1,32.0,,,Mom
P0290,P0290-M2,NEIG-16134,2,1.0,,,
P0370,P0370-M1,NEIG-16129,1,7.0,Male,,Son
P0119,P0119-M1,NEIG-16109,1,6.0,Male,,Son
P0119,P0119-M2,NEIG-16109,2,5.0,Female,,Daughter
P0327,P0327-M1,NEIG-16098,1,4.0,Male,,
P0327,P0327-M2,NEIG-16098,2,6.0,Male,,
P0327,P0327-M3,NEIG-16098,3,1.0,Male,,
P0346,P0346-M1,NEIG-16088,1,8.0,Male,mixed,Son
P0346,P0346-M2,NEIG-16088,2,4.0,Male,mixed,Son
P0346,P0346-M3,NEIG-16088,3,2.0,Female,mixed,Daughter
P0300,P0300-M1,NEIG-16085,1,10.0,Female,,Daughter
P0300,P0300-M2,NEIG-16085,2,7.0,Female,,Daughter
P0300,P0300-M3,NEIG-16085,3,5.0,Male,,Son
P0300,P0300-M4,NEIG-16085,4,0.0,Male,,Son
P0300,P0300-M5,NEIG-16085,5,36.0,Female,,Mother
P0385,P0385-M1,NEIG-16058,1,6.0,Male,,Son
P0385,P0385-M2,NEIG-16058,2,1.0,,,
P0385,P0385-M3,NEIG-16058,3,0.0,,,
P0180,P0180-M1,NEIG-16007,1,,,,
P0180,P0180-M2,NEIG-16007,2,,,,
P0180,P0180-M3,NEIG-16007,3,,,,
P0180,P0180-M4,NEIG-16007,4,,,,
P0180,P0180-M5,NEIG-16007,5,,,,
P0051,P0051-M1,NEIG-15996,1,19.0,,,
P0138,P0138-M1,NEIG-15983,1,,,,
P0138,P0138-M2,NEIG-15983,2,5.0,,,
P0138,P0138-M3,NEIG-15983,3,,Female,,
P0138,P0138-M4,NEIG-15983,4,,,,
P0138,P0138-M5,NEIG-15983,5,,,,Daughter
P0254,P0254-M1,NEIG-15969,1,12.0,Female,,
P0206,P0206-M1,NEIG-15945,1,17.0,,white,Daughter
P0206,P0206-M2,NEIG-15945,2,12.0,,white,Daughter
P0206,P0206-M3,NEIG-15945,3,6.0,,white,Son
P0206,P0206-M4,NEIG-15945,4,5.0,,white,Son
P0323,P0323-M1,NEIG-15942,1,42.0,Male,,Fiance
P0323,P0323-M2,NEIG-15942,2,11.0,Male,,Son
P0323,P0323-M3,NEIG-15942,3,3.0,Male,,Son
P0309,P0309-M1,NEIG-15931,1,13.0,Female,,
P0309,P0309-M2,NEIG-15931,2,5.0,Female,,
P0309,P0309-M3,NEIG-15931,3,2.0,Male,,
P0223,P0223-M1,NEIG-15923,1,9.0,Male,caucasian,Son
P0223,P0223-M2,NEIG-15923,2,2.0,Male,,Son
P0364,P0364-M1,NEIG-15892,1,4.0,Male,black,Son
P0384,P0384-M1,NEIG-15860,1,4.0,,,
P0168,P0168-M1,NEIG-15856,1,27.0,Female,Black,
P0168,P0168-M2,NEIG-15856,2,5.0,Female,Black,Daughter
P0220,P0220-M1,NEIG-15827,1,0.0,Male,Caucasian,Son
P0023,P0023-M1,NEIG-15773,1,6.0,Male,white,Son
P0023,P0023-M2,NEIG-15773,2,3.0,Female,white,Daughter
P0023,P0023-M3,NEIG-15773,3,40.0,Male,,
P0134,P0134-M1,NEIG-15768,1,17.0,Female,African American,Daughter
P0134,P0134-M2,NEIG-15768,2,13.0,,African American,Son
P0134,P0134-M3,NEIG-15768,3,12.0,,,Daughter
P0134,P0134-M4,NEIG-15768,4,10.0,,,Daughter
P0134,P0134-M5,NEIG-15768,5,7.0,,,Son
P0134,P0134-M6,NEIG-15768,6,2.0,,,Daughter
P0126,P0126-M1,NEIG-15730,1,0.0,,,
P0213,P0213-M1,NEIG-15718,1,0.0,Female,Caucasian,Daughter
P0081,P0081-M1,NEIG-15682,1,24.0,,,
P0081,P0081-M2,NEIG-15682,2,4.0,,,
P0363,P0363-M1,NEIG-15672,1,5.0,Female,Black,Daughter
P0363,P0363-M2,NEIG-15672,2,1.0,Male,Black,Son
P0112,P0112-M1,NEIG-15668,1,5.0,,,Daughter
P0112,P0112-M2,NEIG-15668,2,3.0,Male,,Son
P0112,P0112-M3,NEIG-15668,3,2.0,,,Daughter
P0112,P0112-M4,NEIG-15668,4,0.0,,,Son
P0112,P0112-M5,NEIG-15668,5,25.0,,,Spouse
P0356,P0356-M1,NEIG-15604,1,7.0,Female,African American,
P0356,P0356-M2,NEIG-15604,2,2.0,Male,African American,
P0135,P0135-M1,NEIG-15595,1,1.0,Male,african american,Son
P0135,P0135-M2,NEIG-15595,2,1.0,Male,african american,Son
P0175,P0175-M1,NEIG-15561,1,4.0,Male,,Son
P0219,P0219-M1,NEIG-15532,1,4.0,,Black and white,Daughter
P0219,P0219-M2,NEIG-15532,2,1.0,,black and white,Daughter
P0212,P0212-M1,NEIG-15483,1,28.0,Female,,Mother
P0212,P0212-M2,NEIG-15483,2,0.0,Female,caucasian,Mother
P0280,P0280-M1,NEIG-15478,1,,,,Son
P0280,P0280-M2,NEIG-15478,2,3.0,,,
P0280,P0280-M3,NEIG-15478,3,,,,
P0280,P0280-M4,NEIG-15478,4,5.0,,,
P0122,P0122-M1,NEIG-15463,1,22.0,Female,,
P0171,P0171-M1,NEIG-15370,1,4.0,Male,black,Son
P0171,P0171-M2,NEIG-15370,2,4.0,Male,black,Son
P0318,P0318-M1,NEIG-15344,1,16.0,Female,African American & White,Daughter
P0318,P0318-M2,NEIG-15344,2,10.0,Male,African American,Son
P0318,P0318-M3,NEIG-15344,3,3.0,Male,African American,Son
P0133,P0133-M1,NEIG-15230,1,4.0,,,
P0143,P0143-M1,NEIG-15222,1,11.0,Female,African American,
P0143,P0143-M2,NEIG-15222,2,10.0,Male,African American,
P0143,P0143-M3,NEIG-15222,3,6.0,Female,African American,
P0143,P0143-M4,NEIG-15222,4,5.0,Female,African American,
P0143,P0143-M5,NEIG-15222,5,3.0,Female,African American,
P0143,P0143-M6,NEIG-15222,6,1.0,Male,African American,
P0143,P0143-M7,NEIG-15222,7,0.0,Female,African American,
P0272,P0272-M1,NEIG-15215,1,5.0,Male,,Son
P0272,P0272-M2,NEIG-15215,2,2.0,Female,,Daughter
P0076,P0076-M1,NEIG-15206,1,,,,
P0076,P0076-M2,NEIG-15206,2,14.0,,,
P0076,P0076-M3,NEIG-15206,3,13.0,,,
P0076,P0076-M4,NEIG-15206,4,1.0,,,
P0047,P0047-M1,NEIG-15144,1,5.0,,,
P0167,P0167-M1,NEIG-15089,1,14.0,Male,,Son
P0167,P0167-M2,NEIG-15089,2,12.0,Female,,Daughter
P0167,P0167-M3,NEIG-15089,3,3.0,Male,,Son
P0167,P0167-M4,NEIG-15089,4,2.0,Female,,Daughter
P0081,P0081-M1,NEIG-15064,1,4.0,Male,African American,Son
P0249,P0249-M1,NEIG-15057,1,35.0,Male,,Father
P0249,P0249-M2,NEIG-15057,2,13.0,Female,white,Daughter
P0249,P0249-M3,NEIG-15057,3,10.0,Female,black & white,Daughter
P0249,P0249-M4,NEIG-15057,4,6.0,Male,black & white,Son
P0196,P0196-M1,NEIG-15051,1,,,,
P0236,P0236-M1,NEIG-15028,1,14.0,Female,,Daughter
P0236,P0236-M2,NEIG-15028,2,9.0,Male,,Son
P0236,P0236-M3,NEIG-15028,3,6.0,Male,,Son
P0236,P0236-M4,NEIG-15028,4,4.0,Male,,Son
P0236,P0236-M5,NEIG-15028,5,1.0,Female,,Daughter
P0236,P0236-M6,NEIG-15028,6,0.0,Female,,Daughter
P0357,P0357-M1,NEIG-14995,1,,,,Mother
P0052,P0052-M1,NEIG-14896,1,13.0,,,
P0052,P0052-M2,NEIG-14896,2,2.0,,,
P0087,P0087-M1,NEIG-14864,1,9.0,Female,,Daughter
P0087,P0087-M2,NEIG-14864,2,8.0,Male,,Son
P0087,P0087-M3,NEIG-14864,3,6.0,Female,,Daughter
P0087,P0087-M4,NEIG-14864,4,3.0,Male,,Son
P0381,P0381-M1,NEIG-14859,1,22.0,,,
P0295,P0295-M1,NEIG-14853,1,2.0,Male,,Son
P0332,P0332-M1,NEIG-14838,1,19.0,Female,White/Hispanic,Daughter
P0332,P0332-M2,NEIG-14838,2,13.0,Male,White,Son
P0332,P0332-M3,NEIG-14838,3,10.0,Female,,Daughter
P0332,P0332-M4,NEIG-14838,4,10.0,Male,,Son
P0332,P0332-M5,NEIG-14838,5,3.0,Female,White,Daughter
P0332,P0332-M6,NEIG-14838,6,1.0,Male,White,Daughter
P0332,P0332-M7,NEIG-14838,7,45.0,Male,,
P0302,P0302-M1,NEIG-14793,1,15.0,Female,African American,Daughter
P0302,P0302-M2,NEIG-14793,2,13.0,Male,,
P0302,P0302-M3,NEIG-14793,3,12.0,Male,,
P0302,P0302-M4,NEIG-14793,4,0.0,Male,African American,Son
P0103,P0103-M1,NEIG-14785,1,13.0,Male,,
P0103,P0103-M2,NEIG-14785,2,10.0,Male,,
P0103,P0103-M3,NEIG-14785,3,2.0,Male,,
P0260,P0260-M1,NEIG-14724,1,44.0,Male,,
P0260,P0260-M2,NEIG-14724,2,2.0,Female,,
P0379,P0379-M1,NEIG-14708,1,12.0,Male,black,Son
P0379,P0379-M2,NEIG-14708,2,5.0,Female,black,Daughter
P0282,P0282-M1,NEIG-14696,1,1.0,Male,,Son
P0129,P0129-M1,NEIG-14690,1,36.0,Male,Black,Spouse
P0129,P0129-M2,NEIG-14690,2,7.0,Male,Black,Son
P0129,P0129-M3,NEIG-14690,3,4.0,Male,Black,Son
P0234,P0234-M1,NEIG-14681,1,27.0,,,
P0234,P0234-M2,NEIG-14681,2,27.0,,,
P0234,P0234-M3,NEIG-14681,3,25.0,,,
P0101,P0101-M1,NEIG-14662,1,,Male,,
P0271,P0271-M1,NEIG-14657,1,9.0,Female,,Daughter
P0271,P0271-M2,NEIG-14657,2,0.0,Female,,Daughter
P0041,P0041-M1,NEIG-14650,1,12.0,Male,,Son
P0041,P0041-M2,NEIG-14650,2,8.0,Female,,Daughter
P0041,P0041-M3,NEIG-14650,3,,Female,,Daughter
P0190,P0190-M1,NEIG-14640,1,14.0,Female,Black,Daughter
P0190,P0190-M2,NEIG-14640,2,7.0,Female,Black,Daughter
P0190,P0190-M3,NEIG-14640,3,5.0,Male,Black,Son
P0190,P0190-M4,NEIG-14640,4,4.0,Female,Black,Daughter
P0171,P0171-M1,NEIG-14633,1,4.0,Male,African American,Son
P0171,P0171-M2,NEIG-14633,2,4.0,Male,African American,Son
P0317,P0317-M1,NEIG-14623,1,31.0,,,
P0317,P0317-M2,NEIG-14623,2,3.0,,,
P0317,P0317-M3,NEIG-14623,3,2.0,,,
P0317,P0317-M4,NEIG-14623,4,2.0,,,
P0209,P0209-M1,NEIG-14613,1,0.0,Female,black,Daughter
P0209,P0209-M2,NEIG-14613,2,0.0,Female,black,Daughter
P0270,P0270-M1,NEIG-14608,1,4.0,,,
P0373,P0373-M1,NEIG-14601,1,6.0,,,
P0373,P0373-M2,NEIG-14601,2,4.0,,,
P0372,P0372-M1,NEIG-14588,1,6.0,Male,Black,Son
P0372,P0372-M2,NEIG-14588,2,4.0,Male,black,Son
P0160,P0160-M1,NEIG-14561,1,10.0,Male,black,Son
P0160,P0160-M2,NEIG-14561,2,7.0,Male,black,Son
P0160,P0160-M3,NEIG-14561,3,1.0,Female,black,Daughter
P0024,P0024-M1,NEIG-14552,1,1.0,Female,Hispanic and black,Daughter
P0024,P0024-M2,NEIG-14552,2,0.0,Male,black,Son
P0321,P0321-M1,NEIG-14523,1,1823.0,,,
P0014,P0014-M1,NEIG-14519,1,5.0,Male,,
P0014,P0014-M2,NEIG-14519,2,4.0,Male,,
P0014,P0014-M3,NEIG-14519,3,1.0,Female,,
P0046,P0046-M1,NEIG-14501,1,24.0,,,
P0046,P0046-M2,NEIG-14501,2,47.0,Male,,
P0256,P0256-M1,NEIG-14436,1,14.0,Female,black,Daughter
P0256,P0256-M2,NEIG-14436,2,13.0,Male,black,Son
P0256,P0256-M3,NEIG-14436,3,4.0,Male,black,Son
P0256,P0256-M4,NEIG-14436,4,1.0,Female,black,Daughter
P0068,P0068-M1,NEIG-14411,1,10.0,,,Son
P0068,P0068-M2,NEIG-14411,2,7.0,,,Son
P0068,P0068-M3,NEIG-14411,3,4.0,,,Son
P0068,P0068-M4,NEIG-14411,4,2.0,,,Daughter
P0124,P0124-M1,NEIG-14354,1,3.0,Male,African American,Son
P0124,P0124-M2,NEIG-14354,2,2.0,Male,African American,Son
P0235,P0235-M1,NEIG-14345,1,5.0,,,Son
P0393,P0393-M1,NEIG-14341,1,24.0,Female,,
P0393,P0393-M2,NEIG-14341,2,4.0,Male,,
P0393,P0393-M3,NEIG-14341,3,0.0,Male,,Son
P0199,P0199-M1,NEIG-14289,1,15.0,Female,,Son
P0343,P0343-M1,NEIG-14281,1,9.0,,,Daughter
P0343,P0343-M2,NEIG-14281,2,10.0,,,Son
P0343,P0343-M3,NEIG-14281,3,2.0,,,Daughter
P0064,P0064-M1,NEIG-14235,1,10.0,Male,,Son
P0043,P0043-M1,NEIG-14189,1,0.0,Male,Hispanic,Son
P0255,P0255-M1,NEIG-14175,1,12.0,Female,,Daughter
P0299,P0299-M1,NEIG-14170,1,4.0,Male,mixed,Son
P0367,P0367-M1,NEIG-14143,1,18.0,Female,,Daughter
P0367,P0367-M2,NEIG-14143,2,17.0,Female,,Daughter
P0367,P0367-M3,NEIG-14143,3,10.0,Female,,Daughter
P0367,P0367-M4,NEIG-14143,4,4.0,Female,,Daughter
P0011,P0011-M1,NEIG-14116,1,2.0,Male,,
P0086,P0086-M1,NEIG-14086,1,15.0,Male,black,Son
P0086,P0086-M2,NEIG-14086,2,8.0,Male,black,Son
P0086,P0086-M3,NEIG-14086,3,3.0,Male,black,Son
P0342,P0342-M1,NEIG-14074,1,5.0,Male,black,Son
P0342,P0342-M2,NEIG-14074,2,1.0,Male,black,Son
P0117,P0117-M1,NEIG-14065,1,5.0,Female,African American,Daughter
P0107,P0107-M1,NEIG-14051,1,6.0,Male,African American,Son
P0107,P0107-M2,NEIG-14051,2,1.0,Female,African American,Daughter
P0335,P0335-M1,NEIG-14006,1,12.0,Female,African American,Daughter
P0335,P0335-M2,NEIG-14006,2,7.0,Male,African American,Son
P0335,P0335-M3,NEIG-14006,3,6.0,Male,African American,Son
P0335,P0335-M4,NEIG-14006,4,2.0,Male,African American,Son
P0335,P0335-M5,NEIG-14006,5,1.0,Male,African American,Son
P0333,P0333-M1,NEIG-13962,1,44.0,Male,white,Spouse
P0333,P0333-M2,NEIG-13962,2,4.0,Male,white,Son
P0333,P0333-M3,NEIG-13962,3,8.0,Male,white,Son
P0333,P0333-M4,NEIG-13962,4,3.0,Female,white,Daughter
P0071,P0071-M1,NEIG-13926,1,2.0,,,
P0071,P0071-M2,NEIG-13926,2,9.0,,,
P0071,P0071-M3,NEIG-13926,3,8.0,,,
P0071,P0071-M4,NEIG-13926,4,31.0,,,
P0394,P0394-M1,NEIG-13911,1,18.0,,black,Son
P0394,P0394-M2,NEIG-13911,2,15.0,,black,Daughter
P0394,P0394-M3,NEIG-13911,3,15.0,,black,Daughter
P0394,P0394-M4,NEIG-13911,4,11.0,,black,Daughter
P0394,P0394-M5,NEIG-13911,5,6.0,,black,Son
P0391,P0391-M1,NEIG-13898,1,5.0,Female,,
P0391,P0391-M2,NEIG-13898,2,3.0,Female,,
P0391,P0391-M3,NEIG-13898,3,1.0,Male,,
P0002,P0002-M1,NEIG-13883,1,14.0,,,Daughter
P0002,P0002-M2,NEIG-13883,2,3.0,,,Son
P0002,P0002-M3,NEIG-13883,3,1.0,,,Daughter
P0012,P0012-M1,NEIG-13854,1,6.0,Female,,
P0012,P0012-M2,NEIG-13854,2,3.0,Female,,
P0012,P0012-M3,NEIG-13854,3,2.0,,,Son
P0222,P0222-M1,NEIG-13835,1,9.0,,,
P0222,P0222-M2,NEIG-13835,2,2.0,,,
P0314,P0314-M1,NEIG-13826,1,,Male,,
P0314,P0314-M2,NEIG-13826,2,49.0,Female,,
P0314,P0314-M3,NEIG-13826,3,49.0,Male,,
P0314,P0314-M4,NEIG-13826,4,,Male,,
P0101,P0101-M1,NEIG-13824,1,4.0,Male,,Son
P0165,P0165-M1,NEIG-13817,1,3.0,,,
P0173,P0173-M1,NEIG-13811,1,12.0,Male,,
P0173,P0173-M2,NEIG-13811,2,10.0,,,
P0173,P0173-M3,NEIG-13811,3,18.0,,,
P0173,P0173-M4,NEIG-13811,4,4.0,,,
P0267,P0267-M1,NEIG-13783,1,,,,
P0241,P0241-M1,NEIG-13773,1,35.0,Male,,Husband
P0241,P0241-M2,NEIG-13773,2,12.0,Male,,Son
P0241,P0241-M3,NEIG-13773,3,3.0,Female,,Daughter
P0325,P0325-M1,NEIG-13765,1,22.0,Male,,Son
P0325,P0325-M2,NEIG-13765,2,18.0,Female,,Daughter
P0325,P0325-M3,NEIG-13765,3,14.0,Male,,Son
P0325,P0325-M4,NEIG-13765,4,3.0,Male,,Grandson
P0021,P0021-M1,NEIG-13734,1,4.0,,,
P0021,P0021-M2,NEIG-13734,2,3.0,,,
P0021,P0021-M3,NEIG-13734,3,2.0,,,
P0350,P0350-M1,NEIG-13703,1,26.0,Male,,Spouse
P0350,P0350-M2,NEIG-13703,2,4.0,Female,Pacific Islander,Daughter
P0350,P0350-M3,NEIG-13703,3,2.0,Male,Pacific Islander,Son
P0350,P0350-M4,NEIG-13703,4,0.0,Male,Pacific Islander,Son
P0162,P0162-M1,NEIG-13691,1,26.0,Female,African American & Hispanic,Wife
P0162,P0162-M2,NEIG-13691,2,1.0,Female,African American,Daughter
P0359,P0359-M1,NEIG-13687,1,8.0,,,Daughter
P0359,P0359-M2,NEIG-13687,2,5.0,,,Daughter
P0205,P0205-M1,NEIG-13674,1,3.0,,,
P0007,P0007-M1,NEIG-13668,1,23.0,Male,,
P0007,P0007-M2,NEIG-13668,2,1.0,Male,caucasian,Son
P0007,P0007-M3,NEIG-13668,3,1.0,Male,Caucasian,Son
P0040,P0040-M1,NEIG-13654,1,6.0,Female,,Daughter
P0040,P0040-M2,NEIG-13654,2,5.0,Male,,Son
P0040,P0040-M3,NEIG-13654,3,2.0,Male,,Son
P0259,P0259-M1,NEIG-13635,1,4.0,Female,African American,Daughter
P0259,P0259-M2,NEIG-13635,2,2.0,Male,African American,Son
P0266,P0266-M1,NEIG-13629,1,,,,
P0341,P0341-M1,NEIG-13612,1,10.0,Male,,Son
P0341,P0341-M2,NEIG-13612,2,8.0,Female,,Daughter
P0341,P0341-M3,NEIG-13612,3,2.0,Female,,Daughter
P0305,P0305-M1,NEIG-13606,1,34.0,Male,Black,Spouse
P0305,P0305-M2,NEIG-13606,2,1.0,Male,Black,Son
P0153,P0153-M1,NEIG-13565,1,5.0,,Caucasian,Son
P0153,P0153-M2,NEIG-13565,2,0.0,,Caucasian,Son
P0340,P0340-M1,NEIG-13545,1,12.0,,,Daughter
P0340,P0340-M2,NEIG-13545,2,9.0,,,Daughter
P0340,P0340-M3,NEIG-13545,3,5.0,,,Son
P0340,P0340-M4,NEIG-13545,4,5.0,,,Son
P0292,P0292-M1,NEIG-13492,1,5.0,Female,,Daughter
P0323,P0323-M1,NEIG-13484,1,42.0,,,
P0120,P0120-M1,NEIG-13406,1,44.0,,,
P0120,P0120-M2,NEIG-13406,2,18.0,Female,,
P0120,P0120-M3,NEIG-13406,3,1.0,Female,,
P0229,P0229-M1,NEIG-13372,1,26.0,Male,,Fiancé
P0229,P0229-M2,NEIG-13372,2,9.0,Male,,Son
P0229,P0229-M3,NEIG-13372,3,6.0,Female,,Daughter
P0093,P0093-M1,NEIG-13367,1,23.0,,,Son
P0093,P0093-M2,NEIG-13367,2,17.0,,,
P0093,P0093-M3,NEIG-13367,3,2.0,,,
P0296,P0296-M1,NEIG-13305,1,5.0,Male,black,Son
P0296,P0296-M2,NEIG-13305,2,3.0,Male,black,Son
P0296,P0296-M3,NEIG-13305,3,1.0,Female,black,Daughter
P0083,P0083-M1,NEIG-13289,1,,,,
P0058,P0058-M1,NEIG-13273,1,12.0,Male,,Daughter
P0094,P0094-M1,NEIG-13266,1,4.0,Male,mixed black-white,Son
P0094,P0094-M2,NEIG-13266,2,3.0,Female,mixed black-white,Daughter
P0094,P0094-M3,NEIG-13266,3,1.0,Male,mixed black-white,Son
P0094,P0094-M4,NEIG-13266,4,22.0,Male,black,Boyfriend
P0257,P0257-M1,NEIG-13255,1,12.0,Female,Black,Daughter
P0257,P0257-M2,NEIG-13255,2,0.0,Female,Black,Daughter
P0039,P0039-M1,NEIG-13242,1,,,,
P0039,P0039-M2,NEIG-13242,2,,,,
P0039,P0039-M3,NEIG-13242,3,,,,
P0214,P0214-M1,NEIG-13236,1,-9.0,Male,black,Son
P0123,P0123-M1,NEIG-13220,1,14.0,Male,,Son
P0055,P0055-M1,NEIG-13213,1,59.0,Male,,
P0098,P0098-M1,NEIG-13201,1,18.0,,,
P0221,P0221-M1,NEIG-13197,1,4.0,Female,,
P0221,P0221-M2,NEIG-13197,2,,,,Daughter
P0221,P0221-M3,NEIG-13197,3,,Male,,Son
P0200,P0200-M1,NEIG-13190,1,18.0,Male,,Son
P0200,P0200-M2,NEIG-13190,2,17.0,Female,,Daughter
P0200,P0200-M3,NEIG-13190,3,9.0,Male,,Son
P0200,P0200-M4,NEIG-13190,4,7.0,Male,,Son
P0200,P0200-M5,NEIG-13190,5,1.0,Female,,Daughter
P0185,P0185-M1,NEIG-13147,1,19.0,Female,,Daughter
P0185,P0185-M2,NEIG-13147,2,17.0,Female,,Daughter
P0185,P0185-M3,NEIG-13147,3,10.0,Male,,Son
P0185,P0185-M4,NEIG-13147,4,10.0,Female,,Daughter
P0185,P0185-M5,NEIG-13147,5,7.0,Female,,Daughter
P0185,P0185-M6,NEIG-13147,6,5.0,Male,,Son
P0185,P0185-M7,NEIG-13147,7,1.0,Male,,Grandson
P0185,P0185-M8,NEIG-13147,8,,Male,,Grandson
P0312,P0312-M1,NEIG-13125,1,,,,
P0065,P0065-M1,NEIG-13104,1,,,,
P0349,P0349-M1,NEIG-13094,1,13.0,Female,African American,Daughter
P0349,P0349-M2,NEIG-13094,2,6.0,Male,African American,Son
P0349,P0349-M3,NEIG-13094,3,1.0,Female,African American,Daughter
P0100,P0100-M1,NEIG-13041,1,17.0,,,
P0156,P0156-M1,NEIG-13028,1,2.0,,,
P0288,P0288-M1,NEIG-13025,1,36.0,Female,,
P0288,P0288-M2,NEIG-13025,2,18.0,Female,,Daughter
P0288,P0288-M3,NEIG-13025,3,16.0,Male,,
P0288,P0288-M4,NEIG-13025,4,17.0,Female,,
P0288,P0288-M5,NEIG-13025,5,12.0,Male,,
P0288,P0288-M6,NEIG-13025,6,11.0,Male,,
P0288,P0288-M7,NEIG-13025,7,7.0,Male,,
P0288,P0288-M8,NEIG-13025,8,1.0,Male,,
P0248,P0248-M1,NEIG-12961,1,2.0,Female,caucasian,Daughter
P0027,P0027-M1,NEIG-12928,1,41.0,,,
P0027,P0027-M2,NEIG-12928,2,4.0,,,Daughter
P0166,P0166-M1,NEIG-12893,1,1.0,,,
P0166,P0166-M2,NEIG-12893,2,2.0,,,
P0179,P0179-M1,NEIG-12830,1,14.0,Male,black,Son
P0179,P0179-M2,NEIG-12830,2,8.0,Female,black,Daughter
P0179,P0179-M3,NEIG-12830,3,5.0,Female,black,Daughter
P0317,P0317-M1,NEIG-12729,1,31.0,Female,,
P0317,P0317-M2,NEIG-12729,2,2.0,Male,,
P0317,P0317-M3,NEIG-12729,3,1.0,Female,,
P0317,P0317-M4,NEIG-12729,4,1.0,Male,,Son
P0304,P0304-M1,NEIG-12717,1,8.0,Male,,Daughter
P0115,P0115-M1,NEIG-12698,1,1824.0,Female,,
P0101,P0101-M1,NEIG-12683,1,,Male,,Son
P0144,P0144-M1,NEIG-12661,1,,,,Son
P0231,P0231-M1,NEIG-12654,1,2.0,Female,Caucasian,Daughter
P0108,P0108-M1,NEIG-12593,1,7.0,Female,African American,Daughter
P0108,P0108-M2,NEIG-12593,2,7.0,Female,African American,Daughter
P0108,P0108-M3,NEIG-12593,3,1.0,Male,African American,Son
P0111,P0111-M1,NEIG-12589,1,,,,
P0021,P0021-M1,NEIG-12577,1,,,,
P0021,P0021-M2,NEIG-12577,2,,,,
P0021,P0021-M3,NEIG-12577,3,,,,
P0161,P0161-M1,NEIG-12572,1,9.0,,,
P0251,P0251-M1,NEIG-12539,1,9.0,Male,,Son
P0251,P0251-M2,NEIG-12539,2,,Male,,Son
P0245,P0245-M1,NEIG-12523,1,3.0,Female,,Daughter
P0245,P0245-M2,NEIG-12523,2,,,,
P0131,P0131-M1,NEIG-12485,1,1.0,Female,,Daughter
P0118,P0118-M1,NEIG-12469,1,5.0,Female,black,Daughter
P0090,P0090-M1,NEIG-12408,1,35.0,Male,,Father
P0090,P0090-M2,NEIG-12408,2,1.0,Female,,Daughter
P0090,P0090-M3,NEIG-12408,3,7.0,Female,,Daughter
P0090,P0090-M4,NEIG-12408,4,5.0,Female,,Daughter
P0029,P0029-M1,NEIG-12402,1,46.0,Female,,
P0029,P0029-M2,NEIG-12402,2,19.0,Male,Black,Son
P0029,P0029-M3,NEIG-12402,3,17.0,Male,Black,Son
P0029,P0029-M4,NEIG-12402,4,13.0,Female,,Daughter
P0029,P0029-M5,NEIG-12402,5,11.0,Male,Black,Son
P0029,P0029-M6,NEIG-12402,6,9.0,Male,Black,Son
P0029,P0029-M7,NEIG-12402,7,7.0,Male,Black,Son
P0029,P0029-M8,NEIG-12402,8,5.0,Male,Black,Son
P0016,P0016-M1,NEIG-12390,1,3.0,Male,,Daughter
P0077,P0077-M1,NEIG-12381,1,,,,
P0077,P0077-M2,NEIG-12381,2,,,,
P0105,P0105-M1,NEIG-12378,1,1.0,,,
P0061,P0061-M1,NEIG-12370,1,1.0,Male,,Son
P0268,P0268-M1,NEIG-12366,1,2.0,Male,Caucasian,Son
P0269,P0269-M1,NEIG-12351,1,0.0,Female,,Daughter
P0269,P0269-M2,NEIG-12351,2,2.0,Male,,Son
P0240,P0240-M1,NEIG-12346,1,35.0,Male,african American,Husband
P0240,P0240-M2,NEIG-12346,2,12.0,Male,african American,Son
P0240,P0240-M3,NEIG-12346,3,3.0,Female,african American,Daughter
P0275,P0275-M1,NEIG-12323,1,12.0,Male,hispanic,Son
P0275,P0275-M2,NEIG-12323,2,5.0,Female,hispanic,Daughter
P0275,P0275-M3,NEIG-12323,3,11.0,Female,hispanic,Daughter
P0311,P0311-M1,NEIG-12319,1,,,,
P0311,P0311-M2,NEIG-12319,2,4.0,,,
P0211,P0211-M1,NEIG-12316,1,5.0,,,Daughter
P0151,P0151-M1,NEIG-12307,1,4.0,,,
P0151,P0151-M2,NEIG-12307,2,5.0,,,
P0151,P0151-M3,NEIG-12307,3,,,,
P0030,P0030-M1,NEIG-12264,1,33.0,,,
P0042,P0042-M1,NEIG-12259,1,3.0,,,Son
P0324,P0324-M1,NEIG-12252,1,42.0,,,
P0155,P0155-M1,NEIG-12231,1,,,,
P0155,P0155-M2,NEIG-12231,2,,,,Daughter
P0155,P0155-M3,NEIG-12231,3,1.0,,,
P0207,P0207-M1,NEIG-12213,1,12.0,,,Niece
P0056,P0056-M1,NEIG-12165,1,4.0,Female,,
P0056,P0056-M2,NEIG-12165,2,3.0,Female,,
P0056,P0056-M3,NEIG-12165,3,,Male,,
P0053,P0053-M1,NEIG-12163,1,23.0,Female,,
P0053,P0053-M2,NEIG-12163,2,3.0,Female,,
P0169,P0169-M1,NEIG-12127,1,7.0,Male,black,Son
P0169,P0169-M2,NEIG-12127,2,3.0,Female,black,Daughter
P0383,P0383-M1,NEIG-12113,1,10.0,,,Son
P0383,P0383-M2,NEIG-12113,2,7.0,,,Son
P0383,P0383-M3,NEIG-12113,3,2.0,,,Son
P0361,P0361-M1,NEIG-12100,1,6.0,Male,biracial,Son
P0361,P0361-M2,NEIG-12100,2,3.0,Female,biracial,Daughter
P0361,P0361-M3,NEIG-12100,3,1.0,Female,biracial,Daughter
P0361,P0361-M4,NEIG-12100,4,35.0,Male,,
P0038,P0038-M1,NEIG-12079,1,4.0,Female,,
P0038,P0038-M2,NEIG-12079,2,1.0,Female,,
P0038,P0038-M3,NEIG-12079,3,0.0,Female,,Daughter
P0382,P0382-M1,NEIG-12063,1,10.0,Male,,Son
P0382,P0382-M2,NEIG-12063,2,7.0,Male,,Son
P0382,P0382-M3,NEIG-12063,3,2.0,Male,,Son
P0031,P0031-M1,NEIG-12060,1,4.0,,,
P0362,P0362-M1,NEIG-12019,1,1.0,Male,black,Son
P0362,P0362-M2,NEIG-12019,2,5.0,Female,black,Daughter
P0362,P0362-M3,NEIG-12019,3,24.0,Male,,
P0182,P0182-M1,NEIG-12012,1,,,,
P0198,P0198-M1,NEIG-12008,1,9.0,Female,Black,Daughter
P0198,P0198-M2,NEIG-12008,2,4.0,Female,Black,Daughter
P0322,P0322-M1,NEIG-11984,1,,,,Mother
P0322,P0322-M2,NEIG-11984,2,,,,Father
P0246,P0246-M1,NEIG-11974,1,3.0,Female,,
P0246,P0246-M2,NEIG-11974,2,,,,
P0297,P0297-M1,NEIG-11972,1,18.0,Female,,
P0297,P0297-M2,NEIG-11972,2,16.0,Female,,
P0297,P0297-M3,NEIG-11972,3,10.0,Female,,
P0297,P0297-M4,NEIG-11972,4,1.0,Male,,
P0018,P0018-M1,NEIG-11961,1,2.0,,,
P0216,P0216-M1,NEIG-11949,1,10.0,Male,,
P0375,P0375-M1,NEIG-11936,1,12.0,Female,,Daughter
P0375,P0375-M2,NEIG-11936,2,7.0,Female,,Daughter
P0375,P0375-M3,NEIG-11936,3,4.0,Female,,Daughter
P0375,P0375-M4,NEIG-11936,4,4.0,Female,,Daughter
P0163,P0163-M1,NEIG-11920,1,9.0,Female,black,Daughter
P0163,P0163-M2,NEIG-11920,2,7.0,Male,black,Son
P0163,P0163-M3,NEIG-11920,3,5.0,Female,black,Daughter
P0344,P0344-M1,NEIG-11908,1,9.0,Female,biracial,Daughter
P0347,P0347-M1,NEIG-11901,1,,,,
P0347,P0347-M2,NEIG-11901,2,32.0,,,
P0347,P0347-M3,NEIG-11901,3,36.0,,,Partner
P0347,P0347-M4,NEIG-11901,4,,,,
P0347,P0347-M5,NEIG-11901,5,9.0,,,
P0347,P0347-M6,NEIG-11901,6,5.0,,,
P0347,P0347-M7,NEIG-11901,7,4.0,,,
P0386,P0386-M1,NEIG-11842,1,7.0,Female,Black African American,Daughter
P0386,P0386-M2,NEIG-11842,2,1.0,Male,Black African American,Son
P0274,P0274-M1,NEIG-11828,1,17.0,,,Son
P0132,P0132-M1,NEIG-11770,1,1.0,Female,Black,Daughter
P0074,P0074-M1,NEIG-11757,1,2.0,Male,African American,Son
P0396,P0396-M1,NEIG-11740,1,15.0,Male,,Daughter
P0210,P0210-M1,NEIG-11735,1,12.0,Male,,Daughter
P0243,P0243-M1,NEIG-11727,1,1.0,Male,Black,Son
P0243,P0243-M2,NEIG-11727,2,2.0,Male,Black,Son
P0243,P0243-M3,NEIG-11727,3,4.0,Female,,
P0243,P0243-M4,NEIG-11727,4,6.0,Male,Black,Son
P0243,P0243-M5,NEIG-11727,5,8.0,Female,,
P0243,P0243-M6,NEIG-11727,6,9.0,Female,,
P0243,P0243-M7,NEIG-11727,7,10.0,Female,,
P0243,P0243-M8,NEIG-11727,8,11.0,Female,,
P0315,P0315-M1,NEIG-11713,1,7.0,Female,,
P0315,P0315-M2,NEIG-11713,2,6.0,Male,,
P0315,P0315-M3,NEIG-11713,3,5.0,Male,,
P0203,P0203-M1,NEIG-11697,1,36.0,,,
P0057,P0057-M1,NEIG-11658,1,16.0,Female,African American,Daughter
P0057,P0057-M2,NEIG-11658,2,7.0,Female,African American,Daughter
P0057,P0057-M3,NEIG-11658,3,5.0,Female,,Daughter
P0057,P0057-M4,NEIG-11658,4,2.0,Male,African American,Son
P0109,P0109-M1,NEIG-11622,1,6.0,,,Daughter
P0109,P0109-M2,NEIG-11622,2,5.0,,,Son
P0109,P0109-M3,NEIG-11622,3,5.0,,,Son
P0109,P0109-M4,NEIG-11622,4,2.0,,,Daughter
P0109,P0109-M5,NEIG-11622,5,0.0,,,Son
P0265,P0265-M1,NEIG-11615,1,0.0,Male,,Son
P0001,P0001-M1,NEIG-11612,1,,Female,,Mother
P0001,P0001-M2,NEIG-11612,2,,Male,,Son
P0319,P0319-M1,NEIG-11608,1,0.0,Female,,Daughter
P0291,P0291-M1,NEIG-11584,1,8.0,Male,,Son
P0291,P0291-M2,NEIG-11584,2,7.0,Male,,Son
P0291,P0291-M3,NEIG-11584,3,5.0,Female,,Daughter
P0148,P0148-M1,NEIG-11564,1,,Male,,Son
P0110,P0110-M1,NEIG-11460,1,1.0,,,
P0263,P0263-M1,NEIG-11424,1,,,,
P0097,P0097-M1,NEIG-11347,1,9.0,Female,,Daughter
P0097,P0097-M2,NEIG-11347,2,4.0,Male,,Son
P0097,P0097-M3,NEIG-11347,3,30.0,Female,,
P0178,P0178-M1,NEIG-11340,1,4.0,,,
P0256,P0256-M1,NEIG-11303,1,1824.0,Female,black,Daughter
P0256,P0256-M2,NEIG-11303,2,13.0,Male,black,Son
P0256,P0256-M3,NEIG-11303,3,4.0,Male,black,Son
P0256,P0256-M4,NEIG-11303,4,1.0,,,
P0017,P0017-M1,NEIG-11274,1,23.0,Male,White,Boyfriend
P0017,P0017-M2,NEIG-11274,2,4.0,Male,White,Son
P0017,P0017-M3,NEIG-11274,3,3.0,Female,White,Daughter
P0017,P0017-M4,NEIG-11274,4,1.0,Female,White,Daughter
P0283,P0283-M1,NEIG-11181,1,19.0,Male,african american,Son
P0283,P0283-M2,NEIG-11181,2,11.0,Male,african american,Son
P0283,P0283-M3,NEIG-11181,3,9.0,Male,african american,Son
P0283,P0283-M4,NEIG-11181,4,4.0,Female,african american,Daughter
P0095,P0095-M1,NEIG-11156,1,69.0,Female,,
P0095,P0095-M2,NEIG-11156,2,2.0,Male,black,Son
P0095,P0095-M3,NEIG-11156,3,0.0,Female,black,Daughter
P0224,P0224-M1,NEIG-11138,1,-1.0,Male,,Son
P0224,P0224-M2,NEIG-11138,2,2.0,Male,,Son
P0194,P0194-M1,NEIG-11062,1,2.0,Female,White,Daughter
P0329,P0329-M1,NEIG-11044,1,,,,
P0329,P0329-M2,NEIG-11044,2,,,,
P0092,P0092-M1,NEIG-10995,1,11.0,,black and white,Son
P0092,P0092-M2,NEIG-10995,2,5.0,,black and white,Son
P0092,P0092-M3,NEIG-10995,3,2.0,,black and white,Daughter
P0137,P0137-M1,NEIG-10981,1,31.0,Female,,
P0088,P0088-M1,NEIG-10911,1,52.0,Female,,
P0088,P0088-M2,NEIG-10911,2,17.0,Female,,
P0084,P0084-M1,NEIG-10903,1,1806.0,,,
P0066,P0066-M1,NEIG-10872,1,38.0,,,
P0066,P0066-M2,NEIG-10872,2,9.0,,,Son
P0066,P0066-M3,NEIG-10872,3,16.0,,,Son
P0066,P0066-M4,NEIG-10872,4,6.0,,,Niece
P0066,P0066-M5,NEIG-10872,5,2.0,,,
P0066,P0066-M6,NEIG-10872,6,1.0,,,
P0066,P0066-M7,NEIG-10872,7,1.0,,,
P0320,P0320-M1,NEIG-10816,1,46.0,,,
P0130,P0130-M1,NEIG-10811,1,6.0,Female,African American,Daughter
P0130,P0130-M2,NEIG-10811,2,0.0,Female,African American,Daughter
P0284,P0284-M1,NEIG-10775,1,1.0,Male,white,Son
P0177,P0177-M1,NEIG-10769,1,1.0,Female,,
P0177,P0177-M2,NEIG-10769,2,0.0,Female,,
P0369,P0369-M1,NEIG-10761,1,7.0,Male,,Son
P0171,P0171-M1,NEIG-10753,1,4.0,Male,African American,Son
P0171,P0171-M2,NEIG-10753,2,4.0,Male,African American,Son
P0114,P0114-M1,NEIG-10748,1,29.0,Male,black,Husband
P0114,P0114-M2,NEIG-10748,2,5.0,Male,black,Son
P0114,P0114-M3,NEIG-10748,3,14.0,Female,black,Daughter
P0114,P0114-M4,NEIG-10748,4,3.0,Male,black,Son
P0230,P0230-M1,NEIG-10735,1,34.0,,,Son
P0337,P0337-M1,NEIG-10695,1,6.0,,,Daughter
